cluster_id,source_id
4,2961576870551150592
1,2965599227683041536
3,4391594340652701184
2,4391663055833236864
1,4998831518630545536
1,5009731462729300480
1,5009834404505652224
0,4999137255878341888
1,4990058279130530304
0,5014915591335181952
3,5015354433913706496
1,5016589288551181696
0,5433861304278457216
4,5810424967139870976
1,5810539900465356416
0,2925442520417928320
2,2926727402835153024
3,2925619747951394176
4,3704035841100163072
3,3219993267359944448
1,266773548471427968
4,5372007830983912832
3,416340287000326144
4,5709500073267494272
0,1838824693699646336
0,286493186437334016
3,1272208693632771968
3,1275905526605127552
0,1272695949082106112
4,1265170169946185088
4,1270563858601265152
1,1270807812740120064
3,1278287378026439424
4,1278604484051048064
1,4362154538862315904
1,4496948617118777600
3,4524311712018488832
0,4524548386205861760
3,1936533928375145728
1,1550757766822204032
3,1550812192648604160
2,1551088548024093952
0,1551592914623580672
1,1553654224046893696
3,1553849146843279488
3,1553870278082342656
4,1554828605542916224
3,1560793249966936832
0,5913092071551919616
3,4450042282840862720
4,4446592874350360832
1,4446624450949777408
4,1904988046419877760
3,5819757312612231424
1,2746751398199891072
0,2977631527022199936
4,2979338140867403648
0,839685111599785600
1,828994388249381248
3,4443836776652403072
3,4445203916281194624
0,4883490451071223296
3,4888765255026312192
0,4888901766266543104
3,5435893785883564544
1,4890199774103324544
4,4890427201211650816
1,6441139299644043648
3,6440493916382290432
1,3827193478556143104
0,5807014243408821248
3,4580264316870607360
0,980708919655874944
0,5371260918993377024
4,5370152405114661248
1,5371477041747980416
1,1282201708139577728
1,1283588948216182144
1,1288516512657371520
4,1288793417788379904
2,1299018326170303872
4,1292896314146673280
3,1299269770736698752
1,1289664608954633600
1,1297579134169680640
0,1290011814110089856
1,1299574541615703808
3,1290179111676313472
1,1297733890431325824
4,1290324281571170432
3,1924675798546898432
3,861391601435383168
3,4491761533569601408
3,4491572348849902080
2,4532226241539435776
3,4247109476159250304
3,466061680281607936
3,5373845939546674176
3,5375071070376894720
3,5815239900368300672
4,1005970817779224192
1,5826684506438877312
1,4741210588419891328
1,2698639827385703040
4,5089515187536625152
3,5093499817676275840
0,5080395975535412224
3,4571528800062082304
0,4569452922110435072
1,4568525346613009280
0,3491921322045719168
1,5402264604269711744
1,1635193937643268224
0,1635255647733527808
3,1641066429247008128
1,1640172045257494400
1,6499185164174198272
3,6499282883269932032
4,6495844916568623872
3,6499762751376536960
1,6503631417398183296
4,6493821952612404992
0,6493840472511413888
3,6501242625307808768
4,6504336101272715776
0,6504398666059487360
3,6495280523505836032
1,4675704017802764288
0,3478713541696675840
1,3517483833518865792
3,4501839244835543808
3,4374395985929111040
0,1050819931434947456
0,1067578412787651200
0,3009621955271026560
3,4327059841392850048
0,356687520582971648
4,6410920425145899904
4,6415930757897785728
1,6419276644799830528
0,6077124328651304832
1,2853546142267916032
3,6800533706181608064
1,6074419697532999424
4,6074572602686244608
4,5854102104523108352
1,4913077690499423744
1,4926034507320066560
1,4924426712082712960
3,4930650738169736320
1,4932956860729642112
0,5448344621194115712
1,4461229882373653504
0,4461431093005969792
1,4466497883098750720
4,4461631753878328064
1,6079361559926752896
1,6079631833629273344
2,6146704585536995200
1,4579314373182842624
4,4578242040109835008
3,1547135288327255680
0,1543143133406490880
4,1523361750988614144
4,1543778891645673216
1,1525221746705715840
4,1525423472729642496
3,4556394469186188928
3,4556532389176894208
0,4557613896298952704
3,4555287119237156352
4,6630824743570863232
3,2913345624768122624
0,1959480701689052800
1,1960147349330908288
4,395587211188275456
0,4862557673823719168
1,5809160391335055744
4,4585138658073508224
2,3574002785636820992
3,4898713498795764864
3,4894875893977738240
3,4896209876459805824
1,6521428937240337664
0,6526247134632362240
4,6539382003618534272
4,6525019839136424704
0,1447953429624110464
3,1448117806612876160
3,1449873005127905024
4,1457994101091010816
3,1476101580131086720
1,1476616770047989632
1,1466291977906267520
1,1472345820208696320
0,1462503541873205760
1,1462735779344712960
4,1479428083841642752
3,1479972170298545152
1,1458301895628283008
4,1474913420378596864
1,1482815610447092480
0,1484146500553370624
2,1485076859188949760
0,1485908021259683328
0,1486391497137889024
3,2455035780642590848
0,2451401929072387584
1,2451528853945888000
1,5439506025178430336
3,1625656498905438336
0,1607877460308516352
4,4972477603599662720
4,4972654624971627008
3,4961143253624514304
1,4981321800255213184
3,4973432357649941376
3,4973711805402044672
1,4968881753899233280
0,4968905152881055616
0,4968983527444305280
3,4974921989746691072
3,4962781972626110080
0,4962863439565864448
3,4964969210491730816
0,4965032844727152384
4,1835828421454190336
1,4365346073222136064
1,4524609409102150016
3,5850009443025472896
1,3731189002302333056
0,3739242993695199360
3,6421309710519128448
3,6421348296505486592
3,6420980647304118144
1,6421146192524336640
4,6421741887307944576
1,6421176665313450112
3,2923324861021632128
1,2923926225165144832
0,2252857926126518528
0,2248782792437273600
3,2253735027167532032
3,6061670383493505664
3,1933917193779626880
0,1933976704846274304
1,1933430316287275136
0,1957665030031839104
0,2990698672964100736
1,2243893779624785024
0,4539713022363137152
3,4541884763986552192
1,4459174345385981568
1,3595591421570467328
3,5018357028370894848
3,5018387093141989504
4,5030055243678091136
3,5042397781391667072
4,5037149567578576384
3,5043473928397362944
1,5032404492005341568
1,5027544753690562304
1,5021840796603228416
1,6377069210905991936
1,4224769324019258240
3,1105974114745429120
0,1102745605007750016
3,5916529557225189504
4,3542318124698696704
3,1249086818796748544
3,1249145097209010816
0,1238757117507740032
1,1258405562094994048
3,1947455274295405568
4,5821041507830595968
3,4300848240100983424
1,6569348196600078208
1,6564235914206881920
1,6562555345042622848
0,2838661293152878976
4,6247731837068692224
1,3664939917739700224
4,4554217191344051712
1,5822155244400484480
0,1908752705513603456
3,5813310394895324288
3,4566024163816745472
1,4567326157386769152
3,5387963875004090752
4,5389863350060388992
3,5388119421539379584
0,5389981616279867520
1,1205622819209675136
1,1205656560472679808
1,5389500408143278208
4,1206770915507574656
4,1206916600798972288
1,1210069931426779008
0,2792689822937617536
1,2793542597284210816
0,5681390852343293184
3,6516711139003275904
0,471178429439099904
1,5911633328854741760
1,5807645058149947136
0,4662969237917119360
1,4662586126835487744
4,4577149709670816000
3,1762525321240783232
0,4218380989662624128
1,5282137564457015936
4,5281352715015701248
1,6408860180874714752
1,6409030948773951360
0,6401414116331975040
1,6403177041490872320
1,6407567739314645120
1,6407665217892091648
3,6407825231194225152
1,6407831789607327744
3,5810949640345255808
1,5811600035836478336
1,5811184695317565056
1,5810874907915295232
3,5812070764249853568
0,2023941460680677888
0,1743258780847614208
1,6585980676493812096
1,6428402178995113728
1,6426920724512838784
3,6426967213238941312
1,6424800208962596096
3,1369513376746644352
3,6445953098990024192
4,5392187305324767232
0,3173535843071430912
0,1093110893850946816
0,1093778194330398720
1,4934121999457673984
1,4957961095174579456
3,4934594514579360000
3,4934718828112937472
3,4959668430573914368
1,4959848269444843904
4,4955937890700258944
0,4960076899144052736
0,4960612017709654272
3,5629684393906720768
1,1854983425825466880
3,5058333724968580864
3,5056639721147002368
4,5064310223502849024
3,5057412849620048256
3,5071108503894263936
4,5624995526569075840
3,6787002261394035840
3,5394569843941910784
4,4546109671775224704
1,6037002118561012736
1,1301133614743800448
3,1305434217036538880
3,1301298988165163392
0,1301357846396850944
3,1301959760292891392
1,1306573173644483200
4,1300489300930473728
0,1300568706285272448
1,1300756344817165696
1,6619165659702598272
3,803770423274281856
4,821824679077718400
1,5420651668504361728
1,4338097293164671360
0,1790938243593192320
4,4531219088892827008
4,1221198191692213888
4,1224436356514157056
1,1215986712736294016
0,1222679714891403264
0,3014276256710839168
0,1495265758565347840
1,1495401891848933120
0,1492046422879092352
0,1497489108515668864
3,1503549101212211456
1,1515612874072900736
4,4436337351438342144
1,4440477940430740992
1,4436892914049089024
3,4528185811182121088
0,4528193851361333760
1,786139887463041152
4,792522350600300288
3,784530687772900608
0,790782545250090624
0,6432020396884402560
1,6430688059369710208
0,6431623576265505152
1,6432331730474372736
1,5822414729149627904
4,1316538219325950848
1,1317392161902745344
4,1320901596860215680
1,1321269108621918208
4,6592163470895302144
4,6460763589334937088
1,6461810221325375232
3,6462554934294706048
1,378774097843464576
0,380502255245043456
1,2958794075340468736
3,2963923778120461312
0,2964125847744275840
0,2964578949612144256
0,2967527564920244480
0,5008982454792602240
1,5011196939930448256
4,5001936646843008256
0,5810848549692394240
4,3938615753532382336
0,2926706237235784448
1,5138744068323321344
3,4526054403590546432
1,1272377503027180672
2,1272547686811214336
1,1276390033273798912
1,1265360522896770560
1,1277026891023987712
4,1277260983921821440
4,1273594834197443712
0,1270014583818587136
4,1266137602740088832
0,1270915977197062528
1,1271019296929523072
4,480318188557368064
0,2937808590256530048
0,5830355058532359936
1,4496945456022820864
2,210632587837219328
0,4387137465971609344
0,4385344372962939264
3,1555494634713483264
0,1567675127605316864
3,6437145181920694784
0,6149447763968663936
3,6150151657568450304
0,1026384419378353792
3,1040103988031280384
3,6629320710441402496
1,6629497770473266944
0,5460196153951102208
3,850054124724930304
3,839771457622276352
0,841530740649760128
3,843232307909319296
3,849658987733903104
0,4888897608738198016
0,4889725815872103936
0,2940380416671634176
1,4580345818168759168
3,6062893452741345664
0,1282660204488386432
1,1282755174805237504
1,1282861689994104960
3,1298328687565047040
4,1283002083885367040
1,1288029394645783680
1,1284636542279980288
1,1289517171318862208
0,1285253814979154688
1,1286048383929784320
1,1299743660247738880
0,5373547525219529984
1,5374372158939306368
1,5814920870193210368
0,1007380185527481728
0,4571447470561146624
3,4568269538361049344
2,4567509294790548096
1,4567526096702703872
1,4572108826805603840
3,5814162275884196864
1,2369895132105545600
3,1636003556158470016
1,1631420104498489344
1,6499437605172355328
1,6499497700354872064
4,6496118282646928384
2,6503261122497594624
0,6493514879630732544
4,6503463707515474304
4,6503785520824923520
3,6497635780491891200
3,4674396187378030592
3,4674978962901432320
3,4675029093759082496
3,4330785265961740032
3,641485874265414016
3,3746165759421557376
1,3746217848784936064
4,1770226575557939840
1,3521836692677861504
4,3520086377541548288
0,4299534740328862080
3,2260830175701002752
1,2254746990183667200
0,2254914974943077248
1,6909504310745236608
3,2862679476121901824
1,4522136328263471488
1,4535308791105922944
4,4535532507363712384
0,1063176621064777856
0,1063289905122704896
4,1063504619127211264
3,1064915636143291904
4,1045926932892049664
0,1047049946581178624
0,1067428810486984576
0,3009822925380800896
1,4326767341237917952
1,6559966063879329280
1,6560162116249292800
4,6561500157477805952
4,1955527476349379712
4,5416543996142159488
1,4931685035014002048
3,4932553477401181440
1,4932962839324101376
4,5448610634288953728
3,4465023850322870016
1,4461868801709274752
3,4250018543400007424
4,4249349215696662144
4,1547231323796020224
0,1548145602074038272
3,1529563924282711680
3,1530900311948199552
0,1550621977136684928
1,4556387356720454272
1,4555220568725910656
3,4559820581774596992
0,2913497838409316736
0,2914488189147354752
3,2913262439841246464
3,2915599791104831232
4,2917491402082347008
1,4395439637755462144
0,395556459221791104
0,4551333348442475648
0,3572095751438114816
4,3573903589072180480
0,6522247454927471104
0,6522423548586928384
1,6522444954703946752
1,6530534439704974848
3,6522961965687469056
1,6522965195502867456
4,6523584632866489344
1,6539445053738506368
3,1449784185204297344
1,1450027864468486272
3,1444592703614484224
1,1457928611430109440
3,1475833127495074048
1,1475999119391416448
3,1470575091092598784
1,1480780276985235712
1,1476337356656177792
3,1471341897373441280
0,1471411235325424896
0,1465943879396751360
3,1471493320740321664
0,1466076748504975872
1,1472261432691324032
0,1473200175103463936
2,1479063870615202048
3,1482111888645673600
0,1463350200186702080
3,1479686400354813952
1,1479826278849764736
1,1482485207203040128
3,1458334846616738816
3,1480071985338749056
0,1458639067740162304
3,1482668963083839104
0,3530274074327250176
4,3536535243293247360
3,3538819852360206592
0,1900418888412521984
3,5440480226838858496
4,5441465011299250816
4,6811729693785152640
4,1627191245339647104
1,4972436956029106688
3,4980990022622279296
0,4967064570416941056
1,4981156873511435136
4,4981710305816455424
1,4973333951359268224
3,4968087906504491008
4,4982342250125602048
1,4977696126304027136
1,4962167792303358464
1,4974377353533684608
3,4974722943782697088
3,4969891998927191680
4,4975088565758826112
1,4970447664617636736
3,6421534384549843200
4,2924955436766909824
0,2925044565927446144
3,275988933385306112
4,4530304226492369792
0,1797279848706904832
0,1934981864632609920
4,1935168541090766208
0,415551524844204032
3,1956912242523530752
3,2987583516002490880
0,2990176885975616256
0,2240723818882337536
0,4541176231821791488
1,4664643897200575232
4,4533564244119651456
0,4521399728504959744
1,3588395289764731904
3,5042240448149732096
3,5038698783757826688
0,5040689655717892992
1,1109237293457328512
4,3542325512042436096
1,1251395316474430976
1,1259580562068063872
4,3182632205845736960
0,3178160595134762112
1,6564242064600132992
0,6564457912476232320
3,2847637985255674368
1,4552842496871135232
1,4552824835965481856
4,6434449424226819840
0,1907628454874102528
3,4564028344054372864
3,4566093742287033728
4,4563165983340863616
4,1205591380048948480
1,1201883345803793280
0,1206728412511321856
3,1204413489561470336
0,1205316089824971392
1,6505458255967849472
3,6512832508658198400
3,495938950255544064
1,6450209205421668736
2,6451819405840714112
4,6452284842856722048
1,6449455180964744704
1,6450863208681758720
0,5911837425699866880
1,4245988077370370048
3,4533277786978204032
1,4532700818247256448
1,5866623858312174976
0,5432149983150014592
3,4576886514073225728
0,486124365868162176
0,1762306307971659648
0,5282471163156952192
4,6406352778966346752
1,6409271020265579392
4,6403027752725044736
3,6401296777825783680
4,6407670096974939264
1,6403354582556643584
4,6407793414076459520
0,6403541018496828672
1,6401749673537637632
4,6408494936854685440
1,5812189408429431936
1,5387259122410168576
3,1810719424147618816
3,6578906766575595776
4,6425362991414357120
3,6427625958144324352
1,6424280689717417088
4,6428759348471831680
1,6428968599279683584
1,6424933460325716480
4,6424982216793156224
1,4351575450294753280
3,5391070991785124096
1,5392148788058359552
1,1094951854274197632
3,1093778778444079232
1,4934074136342493568
0,4959551435665041920
1,4960029139107607424
0,4960391703066779776
1,4960437882555331456
3,4956491288647018112
4,4942473614904179456
0,4957637838755875456
0,2350234592890647424
4,5058038093780251520
0,5066348718057571968
3,5059859503510737024
0,5059946055691617280
3,5056932221303133440
0,5057291731542571520
3,3205004209453600768
1,6786056681392863616
0,3079468156546289024
3,1303622771630447872
3,1302038650252609024
4,1302782813466274048
1,1304129921368534784
1,1304952871462251776
1,1895631305547728256
3,1895931506581173632
3,1981806972483998976
4,5420716574049620992
3,5382347329090668928
0,5382609906211331328
4,5381605090020768896
4,1224228067780894080
1,1219248791935381248
1,1494263313198395904
1,1501390966045137408
1,1501438897880155136
1,1496058609527980288
1,1502478039447884544
0,1497418190015812608
3,1503694683423624448
4,1493389785570054912
0,1515646718415225216
3,1515650360547494912
1,1516088893888303744
1,4436931530094288896
3,793844719492113152
3,789464986728309376
1,6432158763550749184
3,5822297218841122560
4,5711097491874013312
1,5919308190591576320
1,1316055155763739136
1,1319557512615074432
1,1319861287061877888
4,1321524641996311552
3,6459090785472607744
1,6462594688512093696
0,379816572306251392
1,380431989580263424
3,2960716846299936640
3,2961747363572813440
4,2967216093892060928
1,4393489520741790336
1,5008038107447828480
3,4989595419095051776
3,5009959199075461504
0,5010687694248123136
3,5011413852958953216
3,5001501274598296448
4,5015714111654982912
4,5017192164520193536
1,5433724449441217408
0,5809853392890885888
3,5810723106591585792
3,2925304458690833792
3,2687145910785280896
1,5287384777540350720
1,5287579288021339392
1,4525844813490273920
3,5413583629813425664
3,1272001092094492032
2,1273285459113184768
1,1270560594426157056
1,1271018609734743936
3,5830395603025749120
1,4385271976994137728
4,4385273626261578368
3,4385323722760144256
3,1939665028253524480
0,1551430942817123200
3,1568758009120315008
0,1554801530071112320
1,6437805511673223296
1,1037441967302097280
0,1042471133487368320
4,2747153926829698304
3,2973628342624346368
3,839744450867945600
3,835366229926174720
0,841456699709893376
3,843018212379958784
0,843040133893034496
1,2940350867297115904
1,4580574069910302336
3,4360511456172663168
0,1812762071936305664
2,1298337316156102144
1,1283063725256048128
4,1288030631600642432
3,1288581796160236288
1,1299399547468066432
0,1289796103673254400
1,1299806744727458560
3,1299874777009542912
1,4492295586983723904
3,4492303524083271680
3,4491346257475232768
2,1945845069576623872
0,1012248376337730304
4,5092526165769684224
0,4567357149869172224
2,4568495006963701504
1,4567574612653330176
2,5814775322339826560
0,1634836252766841216
3,1634988260249963392
3,1629878142520619136
3,1630162812952981632
0,1636114057077120256
3,1641876391359577856
0,1631760815664839296
0,6502144912038061312
4,6503414435650610688
4,6493591257032441344
4,6503749060846206848
1,6503850357651314304
0,6500769388631931776
4,6500827697108244224
2,6504391970207435648
3,6491649042757949056
1,6491824758459899136
4,4675993640334630144
1,5870172463428452480
3,5869183418332099072
1,3746343330549615744
1,3745199701017914880
4,3520542022032096896
0,2258597342463233408
1,6913732727524332032
0,2872549688926294400
4,4535296387239613056
4,6158080098476534656
1,6160831042209280128
0,1063347904361044096
3,1047146153848769152
0,1593931293477055616
1,6410412175895377280
4,6410438461095272960
0,6411305868393979392
1,6560087624336516736
3,597847735228211584
3,2853283599507308800
0,4926349620480686720
3,4930276148302421248
3,4931264677974831360
3,5447449309491777280
3,4465690291808411008
0,3225390632501308032
0,419190599102113152
4,1526668944526906240
1,1526722683157001472
1,1547317223142185344
4,1527849201540177792
0,1528076353769277056
3,1542737825930626304
1,1517302204969411584
3,1524038156798062848
1,1529928068790157696
3,1525512361373256832
3,4555387557053795840
1,4556937249972714880
4,4556455423362841600
1,4556485625572533632
4,4556654847284908160
1,4559477809025024000
3,6630804059007923072
1,4549273860083006464
1,5808460036787628032
3,3576636837538364032
3,4898267165794149888
3,4898458686975575168
3,4891540216216512000
4,4896511005206792448
3,267789050540597120
4,6524469464846970624
1,6521169280699527808
3,1448824758229649152
4,1470684286341103360
0,1460458587684590336
3,1478077643047694848
0,1458401332710416768
1,1475264748702947200
0,3536665329262718464
3,6043344097317641600
0,6128406719192638976
0,1901724695908417792
4,1901918175595229312
3,5440667212535527040
4,5439484924000341888
4,4972224166169306880
4,4967368447944168704
4,4981677217388684416
0,4961504237035527936
4,4973425794939920256
4,4974634639254791680
3,4984034291144272000
3,4970535728626998528
3,4963413813854877696
3,4985481802498845696
4,4987281187636828928
1,4987296993116475008
1,4987325924016287616
4,4987848363839035264
3,6421280779620588416
3,5631830881120177920
0,5630811358966296832
1,1851930047672448384
4,4530301340274330624
1,4529466639151258240
1,4530591473905578624
3,5912922197004254848
4,1934497289242001280
0,1935892878735998592
1,4541249040107227648
3,488475568405875840
0,4663709690292666368
3,4533575411035002752
1,5442975598539932800
3,5442378705462741504
1,4521393990428656000
4,4460701704473942784
0,5041914649110380032
4,5031090193357155200
3,5021870139819692672
0,5034010431817579392
0,5035580981098089600
0,1107057992692712576
0,1105608389691737472
1,3542115539681706752
3,3543949387638362624
3,5821486466441859584
3,3894660336671178240
0,4555068526886772096
3,4555118417223422720
1,6434589921196018432
1,6434283775926917632
1,4567345089602618624
1,5389827581572829056
1,1205642060663078272
1,1205657247667447296
1,1205850692994717184
0,1210208744773623936
1,1210307597740960768
0,1202441382315655808
1,1205105224111011968
1,6451966637319894144
1,6452315869700423296
1,6452340608712165888
1,6449358561379906816
1,6452496808081401216
1,4494675995300630272
4,4662631687849393152
2,4663042973917040640
1,4576565181803282432
1,6817439904344742784
4,4577228943222981376
3,1762577891640516992
0,5281198409728455936
0,5281435835520401536
1,6402383164032981248
3,6401153325917756288
4,6407864160777922432
1,6407896802529394176
1,6403795555438805760
1,6425538878914724992
3,6426836199556536704
1,6428382112907666560
1,4351371662687492224
3,4942685580129992704
2,4958781983684481024
0,4958861797059968768
4,4935427875673756288
1,4959442412215216896
4,4935832702111201664
1,4960242272564784896
3,4960618924017083008
1,2946042145644107264
0,2350672576475009664
3,5054675752861581568
3,5056708200105863680
0,5074156178327928064
1,4546110633847903488
3,1303399330251751680
1,1303610539563610624
4,1303709839206856320
4,1302528517042473600
0,1300441472174617344
4,1300637150884240896
1,1304272922303246592
3,822867600217046912
0,823188554532887680
1,5421006295363671168
3,5384234846958935808
1,1224326714589234944
3,1221534333012899072
3,1219148942536097152
4,1223064715759315584
3,1501704979694048896
3,1502910662913368448
4,1516051716651343360
1,1516191904383248128
0,510183260839147904
0,785426205633437056
4,791886386203894144
3,792315260161082624
0,787337569170276736
4,794289128348079232
3,6431952879998050816
3,6430635390187972352
3,6075108030476652416
4,1315684929583363456
0,1320922521940912128
3,6592148666144367872
1,6459097245103434112
1,6462125368845661696
0,378592094309257856
1,4473716756753989888
1,2964987177664808192
4,2963554170414982656
0,2962164559517039232
0,2968089243566558976
3,2968103331059269248
1,6907181802886878080
3,4391191404001226752
1,4988418907294141696
1,5009318115076909312
0,5434180952924278400
0,5810593673456938112
4,5810282580384499200
3,5810370369514753024
4,5809423964889943680
1,1858115487784282112
1,1858251002593872256
4,3459933883093504256
1,1274680430135024768
1,1272243946724334464
1,1276246169049930880
2,1273534017460399744
4,1273590676669097472
4,1270127730439281024
3,1273819340728081920
1,1273889125356754432
3,1263011725541842816
0,481191544387549056
3,2937702899701848960
0,4378207889662930048
1,1554942404999770624
3,1857089883951010304
0,4446496804521413888
1,6149947835601739392
1,3561146780288974720
0,2977524736955406464
0,2973586355024207872
3,2976953162707158400
4,840075850544635264
1,5436690725655100288
0,4890536018503295104
4,4890542821731500800
3,6439131557055932800
4,489787835533526400
1,4580522667741203328
1,5370901236948685312
1,1282207755453546496
0,1290625375958109696
1,1288726381939065216
1,1289294520215576192
1,4491539157342914048
3,1946034396033183616
1,4532163431939408000
4,4532212463284290560
4,5815237044197851136
4,5086155045644908672
4,5081829979215879040
3,5084883185568625664
3,5814442135955314176
4,5825290639263641472
0,5401179970408413312
3,1635317392183298560
0,1633527524694053760
4,6498920284951029504
1,6499464611926796160
1,6496333752566210816
3,6493519999231745536
1,6493696333409073408
4,6504108055689691136
4,6491365403117788800
3,6497904611085022976
1,6504336410510359552
3,6504358228944304128
0,6498075619502904960
4,4331010494048135936
1,3745303226909601664
3,2255469403681726592
3,4535770757788947072
3,1603588647701677568
4,6410529720560249472
3,6074465812615033472
1,4933151886604778240
4,4463777553892956160
3,4464096343545335936
1,6146418437636182016
0,4578481939800580736
3,1544607957770370432
0,1522429777445008640
3,1543937977235333504
4,1530037676355831936
1,1530664397983522304
3,1550452136949471872
0,4898271048444453632
4,4894278790444160384
1,4896596423516249856
1,1086787465040263680
4,6521508376955342976
1,6529327377800335232
0,6526707348968661504
1,6523064426427038336
1,6523418125574149888
1,1456089540792119168
3,1457992108226195072
1,5614783777973952128
3,1459023037815540992
0,1470259599974909312
1,1477061866098843264
3,1466290702299488128
0,1473449111408445952
4,1468905276528022656
4,1469178505167401600
4,1483847673908356608
0,2471637512868974080
1,1899778010574644864
1,5439854158045285888
0,5439599105708938368
4,1628724892261569536
4,4966742104272025728
3,4961093328924504832
1,4967310959803630464
4,4967512793203532160
3,4973073848139736320
4,4981717727519964800
4,4961475237416397824
2,4977887991083765632
3,4978265570246731264
1,4974755035778251264
0,4983780651852631808
4,4975091314537893504
4,4970651520945016960
4,4985849967095863424
1,4987403920622321408
4,4987794109812920320
1,4524588209142159616
0,6151125068957193984
0,6151400698480219392
1,6421437185149916416
1,6421873966143855360
0,2923805485041778048
3,2254153975458760832
3,2254395627498501760
4,5823882027414252928
3,2987844306416299264
1,4540836585807485952
0,4540884070966007168
0,488093144518185984
3,1829642603399078656
3,4521404607588756864
2,5923272514123368064
1,4460346596579282560
3,4460362539497960320
0,4459491485770260864
4,4459629779419217152
4,5035053456034833408
1,4381567310003220608
1,4381683480278716288
3,1108125171805671424
3,1249018447213522560
3,1249731858460845696
1,1241504144231050112
1,1251369855908312320
1,1239285570283816576
3,5821549619644213632
1,6562455186405180544
1,4554604258100336256
4,6436016640617131008
1,1910619882414627840
1,4565884663278644736
0,4565977297133564288
3,4563146192131527680
3,5388294656205380992
4,1206779780320104960
3,6505482101626387200
4,6513785338561073664
1,6512269867939746816
3,5721570924237285504
4,2943984478350601728
1,6451429594608842368
1,6449369934453211264
0,4532930032064926464
3,1762701895935406976
0,1761385436920311552
1,6402809671465194496
4,6409271673100600960
0,6409432407956599936
1,6403230406462220544
1,6407960024447942016
4,6408051215193687808
0,6403694572168258176
1,6408510020779837824
3,4520766134930358144
1,5811622919419811712
1,5812227410297592832
4,5811693459964146688
1,5811747404754464000
0,1811780968265929472
2,3308843496331011328
1,6426826888067362944
1,4350636497427269632
0,5642740991410109440
0,1094115263363633408
1,4933707827172118016
4,4933794173194690944
3,4935341117334287360
4,5058706115814015744
4,5062570555587931776
0,5056720260374042752
3,5051294651527135616
4,1852931496610834944
1,5829477476454445440
0,1303297762864934784
4,1303061574023992960
4,5455339782889804032
1,5456237087456195328
0,5456341300542411392
3,4248365698247566848
0,807572981157715072
3,6064249665977880320
3,5383563938706415744
0,5384214368554821888
1,1218114645691608192
3,1224465081255487616
1,1219638809325687296
1,1217189372299723520
4,1223945355853320960
0,1500722325536438912
3,1495290738095103872
3,1496122553001071616
3,1501790913399626752
0,1501984393086040320
3,1497169940906156032
1,1503470417411876096
3,1498124072184185088
1,1498128646325907328
4,1504496880235267072
3,1516542854751085184
1,4440153584501246464
3,781841007452589952
3,790417919709230336
1,6432513459130597888
1,6432517410500555008
1,6432626055993313920
3,5711328835989580032
3,1316295399054593792
1,1316419953106292224
3,1315254883097804928
3,1315380261782703616
4,1315535499080727808
1,1315626999064540288
4,1315963690140130688
3,6461548945578575744
2,6461763457721385088
3,379433804820469248
3,2964625988093909376
0,2964879975279653248
1,5008376898764188800
3,5008755233843078144
1,5008953592612360448
3,5009263414373432704
3,5014761144311181440
0,5015697344102615168
1,5016112100504533632
0,5017048025417442176
4,5810382498502670592
3,3938663651007676160
4,1271396360702318080
1,1275071031640488832
3,1276560560655684096
4,1273133623429683584
1,1271030807441874560
3,1278231234213434752
1,4363083660546945280
3,2936905753770076928
1,4523512027771134592
1,4388158847851732736
0,1553492149161159424
0,1553791044525755136
1,6437923468653206912
2,6437621133019281408
3,6148181504531271936
1,4408955285660850304
3,839633812510306688
3,840418692013817216
0,837127888072116992
0,853991991260182400
4,2939447854714388096
1,1298522583865648384
3,1283483085867282432
0,1292841510363908608
1,4492334619646729088
4,1008385826349840896
4,5085289420754965120
0,5080757852299805696
0,4567962431021026688
1,4571230282655946112
3,1635067459446335872
3,1630170750052521472
4,1631979446680002304
4,6497494561967303040
2,6500989806352727936
1,6497842248160002560
3,6501177788481727744
1,6498532260425765376
3,6498585655460628992
3,4669877877486614016
1,3743225081213792768
0,3480493685382214016
3,3480625111380221952
0,2255254930194495872
0,409457275492559232
1,4535209560182746880
0,1047332658508413312
0,6560463416794810752
0,5824325817796899200
3,6074419461325950080
1,4916612654742233856
3,4464118746094770432
3,6145523641329879168
4,1544941144151976832
3,1540718710264213120
4,1527743717142663040
3,1547172225045920256
0,1547579972060342144
3,1548065234644898176
0,1543070084602706560
3,1549273804081662208
0,1543868604923187968
0,1517402226167723392
3,4556945668107807360
3,4556225281837846784
1,4558446054806762880
3,4558537967102516352
1,4555837429112737280
3,4559581575435180800
0,4548667582500346880
4,4549429922014512640
1,5808446258531927296
3,5808362764367673728
3,4898597775196690304
3,4896144696036209408
3,4896505026612332928
4,4662314478764975744
3,6522380873791807744
1,6526380759654939648
1,6522777488251208576
4,6522781817578251648
0,6527030605387955584
4,6523229456249857024
4,6527515558736997888
1,6527547444569867776
0,6539399046048825472
0,6540434717283668736
0,1445042575668861440
1,5615209220255706752
4,5615045083787378176
1,1464469056346727808
4,1470418238887171584
3,1476089863460248832
0,1476119103597639168
0,1476147793979074048
1,1480877034008379648
1,1471499539852936960
4,1462847929530591744
3,1474982620891340288
4,1474999938199442688
4,1475353465547210240
4,1483245485133976704
1,1485476222428036224
1,3529882991785403904
0,2474768062991419392
3,6042951644693787392
2,1899882120580373248
3,5438700254952913024
3,5440353439404836224
3,2021099841634996992
1,4975577985872499584
3,4976340600265138944
4,4981560531717102848
1,4973234033240265088
4,4974160165628475904
1,4987276686511071104
3,6421598504119793664
1,6421857370390181760
1,5707509132591398912
3,4530230593571419264
0,4529340607632333312
4,5912815338215058432
0,2254550005802934656
3,1956229342725509888
1,4541079749676237568
4,4664608266151525632
4,5441871899322083200
1,5033334541404052736
4,1251280894250176128
1,1949790190315811328
4,5816788528137489792
4,4176873837303096832
1,6433925300777251840
2,1909160315091185664
4,5812481122601353472
1,4567196346293917312
3,2998151746893051136
0,496131708388195840
0,2944911366652261376
2,6451521369470095616
1,6450167320900509568
4,5911554640746420864
3,4532650824826124544
1,4577195648641478016
4,6408882720862287360
1,6403532943958273024
0,6407936350588164992
3,6403662995568522880
1,6401846842877864064
3,6126355305379126528
3,6577763721159122816
0,6427691928842256512
0,6427198626077449984
1,6426156838809370368
0,3173538729289456640
1,4960519486933967488
1,4960648335953027072
1,4957639797260962304
3,5066107615772213120
4,5062448200558971136
0,5060747530950413312
3,5061703899909855744
1,5064333897362572416
1,1853220496374721280
3,1853570828257939584
4,4544333238942101632
3,1299949784318463488
1,1300755691982045696
3,5456678300856510208
4,800701823758272768
1,1790992123959328768
1,1223509674370501504
3,1223528228629261568
3,1499721529437336832
1,1500337908783860096
1,1495212982007240960
3,1496092075913194752
4,1496536347330442368
1,1496780404552029056
3,1497021781714255488
3,1516386036905171328
0,4528827822897353856
1,4528054694421024896
3,791208846523493760
4,786122127774233728
1,6432613377249456512
1,6433089122185576832
2,6077622510498751616
0,380385981890837888
0,2962494790961997696
4,4391160548955592320
0,4393475089651610880
1,5008196716296334080
4,5434080381970583680
0,2925903696832621184
4,3703120772548239872
1,3903195364401629568
1,4660638204572433792
0,1275301654201505280
4,1264598217741497984
3,1265701612019625856
3,4380284759751436160
3,4387176567353875200
1,1938166252165928576
0,263226657103646464
1,5825180722463408000
1,4446562397262311680
1,6149683918450614656
0,1026380914685065600
1,6629441038245168000
3,2977909188067850880
3,2972941422735408896
0,2976972953916361216
3,840301387867086592
3,855234645557665280
4,842873420442303616
3,855929330748009728
1,491728336116974720
3,489735505650776448
0,492089044652704512
1,4580196108487716992
1,1297808932099694336
2,1288726553737756928
1,1281117452235715456
1,1281869346390322432
1,1299818667556944128
3,1946955099587162112
4,1008704925240484352
0,5081049772636799232
0,5082495974025121024
4,5084192692264991488
3,5098109726334373376
0,3493764893806673152
0,1635466307289837568
2,1635655973045825024
1,1635684766506042752
3,1632206186593870848
1,6499226533299212032
1,6499786115998623232
1,6497354541737415168
3,6491875164196699136
3,4674933023931261056
3,634577397895168128
3,3526685852489950464
1,2255026575373791616
0,2862991290747590784
4,6074634072256530304
1,1800622540149306624
3,1798633347518307712
0,492587123418630016
0,1546177029587702912
0,1527741827357049984
1,1547403947121855232
4,1535634671576026624
1,1548167386148159616
0,1549276621580211328
3,1549603412755666944
1,1549892348091686656
4,1525130384161360896
0,1525549538610106496
0,4556448276537215360
0,4556555169683362816
0,4497854339821747328
3,4395353948864898048
3,4395397551372524544
3,4395399303719163904
3,4395448300706128000
1,4898719202512326912
4,4896111710686918528
4,4896326149814761344
3,4897167448008418560
1,6521674918607027840
4,6521829331271213312
1,6522736256565435264
3,6526793076516023808
4,6526963569537230848
1,6523424310327076608
0,6539456323732695296
3,1442068224917152128
1,1456158500786965504
1,1456770447728281856
3,1456810030147971712
1,1475795675380227712
0,1470821312978020096
3,1470985999203532928
3,1471931201246218240
0,1474019998460798336
0,1479656885339494656
1,1483180235990506496
3,2469063075111641984
2,6129660059368503936
0,6806175682599298304
1,4981085542694786304
1,4983287280368659584
4,4975014932839358848
0,4975070629975403648
4,4979569144361074560
1,4985649168784656512
4,4986268571788379776
1,5825701169409928320
4,3730334406889447424
3,4529988735374693248
0,4530364252953113728
0,2254520971824351232
3,1931376394206187520
4,5032465343102012928
1,5028030772189683584
4,4381465978837694976
0,1102206844311037952
4,1241453562400089216
0,4553018796693651968
3,4552760961211684992
1,4555115290487329024
4,6434340950531869952
4,5283363897882405888
1,6434726191918811392
3,6433547893413269632
3,5694273589580375168
3,1907689512129779200
4,4565469357121510912
4,5813101350248823552
4,4566152978476291456
3,1205634810758278272
3,1201383166795847808
0,1204698095571419776
4,2797515613831549568
1,6512935656591244544
1,6451889327908385024
4,6451896474733944448
1,6449242872140454272
4,6449353957174916736
3,6449396700689624960
1,5911579555863342464
4,4662593548539070848
3,4576141934237611264
3,4577025808455204224
3,5281729473844329600
0,5281774897418744320
3,1950489857669715840
1,6408938624156797056
4,6409052320530932864
3,6407889415185671168
0,6407981190046764672
1,5811344261940897280
3,5811903123084847872
0,6125556613259931904
1,6425743697315291392
3,6426116053799752448
3,6424937647914924160
1,4960921255354418688
3,5052867640351238912
3,5063032487911408256
3,5063036576721077888
3,5064461440711295744
1,6785227443467230592
1,4544399347078851072
1,4546185228840233472
3,1303227153602753408
0,1303634557020726784
3,822951437978850176
0,825196537642986496
0,5421424178501878016
3,5420993547901008256
0,6064071098407203968
4,6064089515227282304
1,5383420211920951296
3,1501210371260416256
0,4439264354469056128
1,4527728757941023360
0,4529068645996843008
1,6430860034156449280
1,6432650210889568512
4,1315277521868910464
1,6462230372206229504
3,2964820120615687552
1,2960912559369035904
0,2962376765261111808
1,2962478332647368448
4,4990054774437233152
0,5015118897907499264
0,5015819389893883136
1,5810432766800558592
1,5140115880878066688
0,1259781566537283968
4,1269905835247977344
3,4523512027771135104
0,4524424484985635712
0,4386694126565557248
1,5922855837886111104
1,5913161272067956736
1,4446475982519992448
1,4446683549699800832
1,6437323375823781504
1,6437436625521064064
1,5459768890605018240
3,5461394312387401216
0,2747167636367013632
0,2972014431353584896
1,2972365965836158208
3,2977225704151748096
3,840070078108602752
4,829342005728278528
3,836745258025640320
0,843738048898466304
0,855004985066291072
3,5615758976068040960
4,5435426081123529728
3,5867497557753879808
1,1286740938819774720
3,1298012135592707072
1,1299043133901519104
1,1289206696724297600
1,1299467476671684864
3,1299636217346302208
1,1299679098299871488
1,1299754346126563200
0,5648501367182641152
2,1947162529326034432
3,5374952254401917312
0,5090408953051294208
3,5093531325556321280
4,4568491914587232128
0,4567491668245481984
3,4571257044593546496
0,5401524014468913536
4,5401551570979318784
1,2377679571350788608
4,1634002719874607872
3,6499366136916033792
3,6499459183088097664
1,6493437497203669504
1,6500868069800908288
1,6504425333513457280
3,634469512611911168
4,2255496238637520896
3,6909874575581830016
4,1047301253707610368
1,6410301228300146560
1,6561921064272402176
0,597652228317005312
3,1914945464237831808
1,6077273346834210048
3,2853261300036986752
3,1955297334820871296
4,1955875265621759232
3,5416929203168797056
3,4932206478403487488
0,4465036082389661312
3,1540832784596482176
3,1542298536675317120
4,1543071562071459840
0,1549289403402871552
3,1525544075411723392
1,4557816550039999360
2,4558629398366292864
3,4556085437706097792
3,4559495091973452800
1,4559578964095181440
3,4395477059807180800
1,4548704897175860864
0,4898334098564370688
0,4897281591058795136
0,6522271506744347776
3,6526504008038754560
3,6528442309596172032
3,6524644012319846400
0,1470164595298337408
0,1476853852242757760
3,1460774697277795200
3,1466315961003685504
1,1471940031699020544
1,1472591561057676288
3,1482109861421130112
1,1473779892609602944
3,1482354983794839296
4,1469102363987379200
4,1469490251073286144
1,1482804026918648192
3,4960985301906667136
1,4961455068249956608
1,4973918960264997888
3,4974156798374116864
4,4978278248990180608
1,4983264190624455936
4,4974575231267090816
3,4969950032525250688
0,4985171259182941952
0,4525620478762312064
1,4324226369867877376
3,6421762640589994496
3,5817948753423467392
0,6061787790715716352
3,413192763174558848
1,5820879123718404992
1,1956712230188276608
0,4521366777514751488
1,4521404916826478208
4,4459239555869985280
3,5041848334815336576
0,1106778441863623552
3,3540578250627638784
3,1948159820730350592
1,5821505364299089664
3,5821543641049335168
1,5816786294754391424
1,6564274568912616576
1,6564319511449652992
1,6564492959409425152
3,6433264288129557888
0,1910644483987278848
0,1907430989457864704
3,4564361908394215424
4,5388338602310712064
1,5389554352932684672
0,1205269257502715392
1,1200724804145641216
3,3489529025260944768
4,6451791402653847936
1,6452274221401407360
1,6450862143529867776
4,6449563036183694720
1,4575768104585109120
3,5282286857519920896
0,4659737086053894912
4,6401818530453352960
3,6403722575354444928
1,6403849053550525184
4,4521037817382667264
1,5811753589507679360
0,5387350789895538048
1,6582204133227824640
1,6428571778662533120
0,6424234411448027008
4,6427820743500934656
3,6427141245314060800
1,6428133898157238400
0,6428254668337640448
4,5645430843528385280
0,1093401920834960768
0,1091226674520198528
1,4935522227515753600
1,4960526015284213632
1,2344398969286454016
3,5060375449342086272
4,5063141202123519616
0,5074223489055340672
1,1302300230940809088
4,5420800549249883392
1,6064070136334627584
1,1224633272175426176
1,1218895951781997440
4,1223067155300679168
1,1223639107505465216
1,1496689488684649600
2,4439263770353493248
3,4528777176642758784
0,791155451490032896
3,785488259321056000
3,792374603725774208
0,789051226762398464
1,6432833176496053376
1,1316565226080323584
3,2965773809513723008
0,5008675965927468928
1,4990121638488225792
3,5434802726751113600
1,5809391215751381888
0,2925830304429456512
0,418136476686601984
4,4660632397770474368
1,1271736659548141184
1,1271786687327221120
1,1271956252636320768
3,1272009269712167680
1,1275909615414000768
0,1264694253210116736
0,1270509879452146560
4,1553775960600586752
4,2976584482716355840
2,2939068046468211968
1,1286498221626982016
3,1286685928878628736
4,1298915315675533568
1,1289204806938592768
4,1299274615459823616
1,1947061305539674112
2,1946566731460683392
3,5082515627795391616
1,4567436486505320320
1,4567924154272061952
1,5814501578304617984
0,5825442474936221568
1,6493408948557461632
4,6500589549760722560
1,6493920324543201280
0,2255613508424157056
1,4535195575769075968
0,1047352312278753152
0,1043676919785657728
4,1845216528451644672
1,2853194985741949056
3,1955733806578939520
3,3503789347475087232
0,3227306565872292096
4,1547543035341627648
1,1530779709265402496
4,1530895776462730496
3,1550504947867879808
3,4558537005029864192
3,4556676631357627136
3,4556872069548602880
3,2917413542914954752
1,4395192870412044160
3,4548599240984423936
3,5809240964921136128
1,2929095063693380992
0,4896144661676474496
4,4662254521025223680
3,6522492405502465024
0,6524465857074493440
4,1448769645209335936
3,1444942279592749184
4,1476416280975128832
1,1466299915005834752
1,1478700550743419520
3,1479602184635996288
0,1479635925899133440
4,1468841779731509504
0,1479857271333336192
3,2455564538360383104
0,5440608281284321536
1,5873874965741957632
1,6066458791004857216
1,6806511720840328448
3,4975588843549850880
1,4980224212772084096
3,4981415602340558208
1,4981420069106560896
0,4961454690292835328
4,4977099263289433216
1,4982085239282511744
3,4974012998571513984
4,4985772039209196672
0,4987303384027807744
4,6421486113416757376
1,6421523977848748672
3,6421552152834363008
3,6421583729432268544
4,5632805529457718144
4,1844887744415171968
0,4529384102768044800
4,5817553856950014208
0,1935033674819529472
3,2989614245259417984
3,4542074086145377792
0,5028206522251161472
0,5032890166907460992
1,5035140798489794560
0,5035496799739114624
0,1108100707672118784
1,1949694429725489920
3,5821103454128167808
4,4555160439184147456
3,6433768929609957888
3,4560462456050047616
4,5388612346343578112
3,5389911007017114112
1,1201855858013043328
0,3480822611155937152
1,6512838006215926272
3,6513515030500960256
3,6451618779328171520
1,6450214015786134016
1,6450292115470980352
1,5911545986398336512
0,4576031712496994688
0,484650126933999616
0,484184758638721408
0,5281921888380069120
3,6409274696757626368
0,6403710755604406144
1,4521230987835423104
1,5811544922817090432
4,6584768056903998464
0,6427784975013055872
3,6424380612134950144
1,6427269888174814592
0,6426166115938592896
1,4955403321891349376
4,4959606651764350464
1,4960616106518494336
0,5059997560939407360
3,5055107173736765568
1,5062842512914378368
0,5062942362317745280
3,5063599561031571200
0,5073966581291756160
4,1303262166175891840
1,1302528998078817024
4,1302556348431299328
3,821037050796280960
4,5421820621163559168
0,5421854156267764736
4,4531098383130473472
1,1224280054064458752
3,1222657518500376704
1,1217193254950203136
3,1220217324239988480
0,1495340868953599488
1,1496145711464756864
3,1496914476251392512
1,4528841910390272512
0,4528883550086254720
3,773180978994529920
2,785238223504553344
3,789488798027036288
4,6432528199458268288
4,6077701125578126976
1,6078145740587301248
3,1316281139763223936
1,1315231587195166720
1,5008999359783984128
1,5009166073234626560
0,5009436106418457344
0,5009793653855679872
0,5011582215676768768
1,5017003357758034560
1,3461241923973841792
4,5285261311351187712
3,1271602308673117824
1,1271722503335905024
4,1275452871410627712
1,1275635149822236160
1,1272583386579510528
1,1272588609259690240
4,1273970901534106496
3,5635139689566963072
3,4387075657100808448
4,4446718562273505408
4,6437973633871461248
3,1039906449599234432
0,2969143743933283072
0,827888107747526400
3,839836363167890560
0,829293317979043584
0,855150361120146944
4,1282153295268209664
1,1298118204104461952
1,1298161359936008320
1,1288092650928525696
0,1298788390801719552
1,1298831306114887424
1,1289219787784602240
1,1299699748502646784
0,5090236638963518208
0,5085697648808361728
3,5080332272580434176
3,4568909866445939968
1,3491918813784810240
1,6499208013400249088
3,6493743543689605888
1,6157868545567497344
4,445719645710872960
1,6558927609505926016
0,1954685937637677696
1,4461395668115705344
1,5872893926464556672
1,6145247938790036096
3,419088241440461312
1,1546487916498793088
3,1542987311992781952
4,1542987758669381760
4,1517202733526412928
3,1526144202602037376
4,4556823313079772032
3,4559913215634471296
0,2913827485740319360
1,3568947025013881216
4,4892850490479845120
3,6530415245772685440
3,6523122769262833664
4,6523938984849548032
3,6523955786760761216
3,6528421590673963136
1,1448178176673130624
3,1448183742950776960
4,1448381826842392192
1,1475772688715106432
4,1471873992281897728
4,1478737246943563264
3,1468447982770251520
4,5439118035010443904
3,5440293344220147840
4,5440332823559468288
0,5441540362206829696
4,4971077994016565248
3,4979825845966360960
1,4976684335089277184
1,4981578639299217280
4,4973499840176132480
3,4962477888942096128
1,4962638486359564032
1,4979278735852506624
2,2927838287544007296
1,5442712579039538176
0,5033033584455625216
0,5034397013234147456
3,5035256350290827520
1,1249726601421785216
4,1251229324578428672
3,1948301309834807552
1,4552772231205887104
1,4554879960641910784
4,1911642428226858752
0,4565220661336014848
2,1206119729746477568
0,6512889923780606976
4,6451962239273372800
3,4533192128148055424
1,6817719867493161728
0,5282066371079382912
1,5282074033300989696
3,5811396935422893696
1,5811481941413328896
1,6426215250364972032
3,6132056822916383744
0,1091813916807126912
4,4933576813488956160
0,5058394095029181696
4,2765236907378394368
1,1303586796984241152
1,1300512081437037824
3,821531212552988672
3,824899532064293760
1,1224325821236051968
1,1224717041217437312
4,1516195752673918976
0,1516438779103557632
3,4528156296165996160
0,4528064761824350080
0,785291790336648064
3,788991165939745664
3,6432131756796517760
4,6462538441620271360
0,6460001662136428032
3,4988503707128301440
1,5850169323271428096
1,1275718334751459072
4,1263104221957554816
0,2937306010364795008
0,4446275012407930368
1,6437419102054604288
0,1038780485268829952
3,6629825081341946240
4,2972366137634856064
0,2972720730136191616
1,855832195767694848
0,4890185446092434688
3,1286433930257367168
1,1282425149518280704
4,1283696184959588864
3,1288362168715406208
1,1299716447334894208
1,5924800010652986880
0,1947104014691169792
3,4531575708618805376
0,4532420992540058752
1,4568024347269304064
3,5618594376039537920
1,1635561346326305536
1,6501050653153411712
4,643895247839641216
0,2255565267352039552
1,4374175018450923648
4,6157888680374235136
1,2993430856283281792
3,2993443363228027392
1,1914588329117273088
4,2854370157513654144
2,6074654962967647744
4,1546342849683562880
3,1528274368942344960
2,1523236887699560576
3,1543910558164199040
0,1517377865113215872
1,1529630204217955712
1,1525249371935272576
3,4559592673630692992
4,4559665103958322048
0,6127312185423252992
3,4898111653619315584
3,6524618551753693952
0,1448884922131928704
4,1449660004814309760
3,1476299560943299968
1,1476354742683739392
3,1472009197852401664
2,1482119928824455680
1,1479499792617297024
0,1482505719966910208
3,1483413160657350528
1,1483415909436423168
1,1484199517629639296
3,2021064382381210752
4,4975928764441098752
3,4981735628943749376
1,4974168824282530944
3,4974785237988327168
1,4984110058663600640
1,3730384365949048576
1,6421953955614960000
3,6067159351687738112
0,4530058520000647808
0,5442299093948196736
1,4460751251216624768
0,5042005702417230464
1,5031578655694233088
0,1102999042441040896
0,1108140427529470976
1,5821557969060943232
1,6564413347895316608
1,6433940384702384000
4,5822162700464138880
0,4566130060530705920
3,1206775068739279872
3,4660166170499427712
4,2793148658588183168
1,6452357341904685440
1,6449576127244125440
3,4575661172779938176
3,483705268488402688
0,1950624169886297728
1,6409370831008301184
1,5812074749979758720
1,5811374395432074368
3,5811992351022805888
1,6424233105777984768
3,6425632955878670720
1,1095548614211502720
3,4960095728280578688
4,2353887101798240000
0,1854225690513794560
0,5058539883399183744
2,5058774800930283008
0,5061744955496598016
3,6786654437761214464
3,1300525241216901888
4,5383561533524710784
1,1223593443413051520
4,1495884749252304128
1,6062118675039403392
0,788044452059501568
2,790610815277973376
0,6432721335547781760
1,1316391022206390400
0,378684315846956928
3,2968332235633895808
0,5008733381049400192
1,5010123885301509120
0,5010255895416119680
0,5011250712921277440
1,5011258100264740736
3,5809463066273180544
3,1271889010627074176
1,1264234726069236352
1,6436673804968920064
0,1904926130171692416
0,2973027562599262720
4,1297944206389856000
4,1299424801875874432
4,1299716447335736832
3,1945992820750121344
4,4532170574459442816
0,4532023862684422272
3,5092773177928939136
2,5402319889088535936
1,1635653911461093248
4,6502248300490187008
4,6499852705171223296
4,6500002066954232320
3,6498417636338451072
1,2256769473102088832
0,2257093622874571136
0,2255564373998944768
4,1955508406694164608
3,1541306296151616640
4,1547367044762886400
0,1528900712612669184
4,1525146464518953088
3,4556942919328753792
1,4556808332233691520
1,4559825151619613824
4,4559909023746535168
1,4559950839548311936
2,6630656964968299264
0,6521872315303966080
1,6527101558247792512
3,1448810498938270976
1,1471051454505224064
3,1460514868936045056
0,1477986349224131200
4,1468255018479203200
1,1482533035958939776
1,5438898613721792768
1,4975489337747579136
0,4976094172220923264
1,4976095168653337216
3,4976684743107121664
3,4973044985959587328
4,4977065414648646016
0,4967969227967941760
1,4982675299069183360
0,4982853213794127104
4,4983254913495075968
3,4962433942836758528
1,4983744161809884800
3,4985084500843521408
3,3740032030727111808
1,4529736191299594496
1,5443240344620577536
3,5018724059095850496
0,1108404069802779520
1,1241465863186424320
1,5821490658330021120
1,4555079590722456320
1,4555161160733606144
3,6435721662263182208
1,4566122020351784448
3,1200341899221905664
0,1205308599402048896
0,6450027717284015744
1,6450281807549521536
0,6452520825539560320
1,5873196841927809920
3,4577143696716579840
1,4576391562044112128
4,4577040273905304704
4,1950254115504967040
1,6403544110873327104
3,4521043418020352640
4,6425861826096346240
4,1092670573803724544
0,5062597184385952512
0,5062997922014626048
1,1301803835800641280
3,5421057319575049728
3,5421044778270743296
3,5382844170907456128
4,1218181544102259968
2,6432879733941961984
2,1315274021472177920
4,378336075603390208
3,5008056696065730304
1,5010229026100956544
3,5809516048988530560
3,5810643185838771072
4,283376380210094592
3,1275191290722921344
4,1272260641259782912
0,1269872987336566400
1,1270303274341594240
1,1270682571494168192
1,1270964390068411392
4,1857089570403795712
3,1043196154029935232
3,5460868226135127296
3,1286508357749747840
3,1283432061655833856
1,1298966649124538880
0,1299178133314353152
1,1297795703600302464
1,1947008425901633024
4,5084970905980568960
4,6500904628562618112
3,3745079476294011008
0,2255402505270676480
1,4535142008934981888
0,1044677681525549056
3,1048248650477613568
0,5417460645242133120
4,1547414186322810752
3,1529767196494646912
1,1524520636244683520
0,1530350831011189888
0,1524651924804826368
0,4556311284261073152
3,4556376911359838848
1,4556810462537465088
0,4555948372403012480
3,4559471555552962816
0,6526530052720481152
0,6524241728503442048
4,1441211602279992320
1,1456734026405604096
0,1480574908829603968
3,1476351925185226624
1,1470915802258108928
1,1471057020782843264
3,1472570081924883200
3,1462415409144360192
4,5871666149948365440
0,4975997174680230784
4,4976495081649552512
1,4967900749009399040
3,4974060591106953600
1,4974082340821399040
1,4978257426988656128
3,4978318999639119104
3,4962285233888537856
4,4983548925479857920
4,3730191126780515456
1,6422024904175067776
3,6421493328962165632
1,6421895681498235008
4,4529615760422082816
3,2927217132188042624
1,5441554655857576064
3,4521356435233458304
1,4459897205560342016
4,5017958799003541120
0,1102094831562809344
1,1104039970711994496
1,1949541803768059648
0,1949299739411954688
1,5816717918873509248
1,6433824832901752064
4,4564066449004092928
4,6512769355458511232
4,6450298059705731840
0,6451957291471064448
3,4575824351477005568
0,484757363677654528
3,5281816438342313856
3,6409352521564788864
1,6427820159385412224
3,6426021289641966208
1,6427299884226376320
0,5392578250427878912
0,5063368113836751232
1,4544673572150582528
1,6619266917851705472
4,824922209491581184
0,4530924454131737216
0,1222393154673676672
1,1223259844712891520
3,1220165578474729344
4,1220355828345869952
1,1495847125338777088
3,791959675526175360
4,774554269018321152
1,6462240542688776576
1,5012519343181434752
0,5809504401036734208
0,1858567490143848448
2,4525860378451822720
0,1271854582169126912
3,1275718472190412800
0,1272346854140430720
3,1265000261040035328
1,4380304108581113856
4,6889612603506543104
3,6629767219542457088
3,2972766153709772416
2,2972994199293524480
1,1286424416910648320
0,1299626562259902592
1,1281059281198629760
0,1008104145215159552
3,5081141478778394624
1,4571157062053265408
3,6499845489626171520
4,1737133916966267136
1,3519980205949973632
1,4374175774364950912
1,6158047727306554368
1,6544017132322312064
1,4466806433549411328
4,1540478948010756096
3,1525840771752496512
3,4555183047892656384
3,4395443176807082624
1,4551501779880870784
4,4662277954367944320
1,6521911554125230464
4,6524649338079316224
3,1475800829340987520
4,1476857185137381888
3,1479225876781923712
0,1473769447249131264
3,1468629299109649152
1,1482364913759235200
3,1482994727763567872
1,4977616033753783296
3,4973993349098886272
3,4974020115335195136
0,4984339650436259968
4,4984556357306172416
0,4529292881954349952
3,4529295149697008384
1,1106821082298678784
4,5821490864487868672
4,6434927127668723328
0,6450362239399861888
1,6452463650934822912
1,5911179642866136704
2,4576589096181764736
1,4576375962722678784
0,4576968423384308480
0,5282094717863438336
0,6409031842127157632
1,4350645950653493632
4,5395274287297278336
1,1303241511676158208
4,1303147198491529856
4,6619476203018115072
3,799895400699495296
0,4531348865623422208
1,1220315730530819456
0,791146586677564544
3,791348896817753344
0,791950982512394368
0,792035438749253376
1,6432101382788452864
1,6458523712350541824
1,2965086168071508608
0,5011146602913833856
1,1275132157613160576
3,1269976513228406016
1,1271140518086642688
3,1026298966709103616
1,5461295906097966208
4,841082728317714048
1,855095591696273664
3,1281903534330070784
4,1289208930107205248
3,1927574523514476672
3,4568183776454266240
4,4568207828270767104
2,5618002082869049856
4,4463779031361716864
4,5872902718221695616
4,1528782480752664704
3,1525315067755145344
4,1520707117602412928
3,4556583722626178944
4,1475757570430216448
0,1476541212983385472
3,1482665080433400064
0,4967875288443466880
3,4982010850448460160
4,4985165967783204608
1,4987747621086130688
0,6421897846162104192
4,1933175057790246400
1,5018599401965104896
1,5021853131749611776
1,1106253562498832768
0,1103325116357596928
0,1104094186082703104
1,6434931594434922624
4,1908929589447236864
3,4566389201677218560
0,1206322658361659520
1,1200266891912846976
1,6505463375568857728
4,6511823947257147776
0,6450469892756853504
1,6452483613942847616
3,4576375997082418176
1,6403418796610230400
3,5071264840703896448
3,4334612318044569984
1,1302161314518633088
1,1302462821222919296
1,1302911147088599808
3,5382844411425629568
3,1224290568144443776
3,1218836921752333568
4,1218863447469447808
1,1222597457677662976
4,1496353587882666496
1,1496593384496122496
1,6433185192014317056
3,2965368502041819008
3,1271401514663095168
3,2938063436436428544
4,5461285117139966464
3,842280538860587904
1,1297808347984149632
2,1287413943013270400
2,1283488411626738432
4,1288425012676925440
1,1632443578026449664
3,1543973260385847808
2,1524973909913842688
0,1530762735552340992
1,1525601868492345088
1,4558604247037918464
1,4548596389126998400
4,4896658511563456512
4,6540412211655068288
1,1449822736830661760
3,1472654164500959232
3,1462294703383317504
4,1473308202121484032
4,1479028583163864448
3,1482609520736496256
3,5440574097643890560
3,4979777295656054272
4,4975604305432078848
1,4976715808610401024
1,6421831600586401664
1,5935008396325784192
4,5441583895995160448
4,1931235484919179008
4,6564298513353704960
2,6434310817041300096
4,6433636399800139648
1,6434917399564665088
1,1908818366974185984
1,5813173162095492352
1,6513082888070108800
2,6513129411155865984
1,6450266070788738816
4,4663520333788737536
4,4576196158210182528
0,5812012352695292800
2,6426260295982089600
3,5391637446431500928
3,5052990270258487680
3,5422230601560906112
0,5383333694100008320
3,1221838451059391104
3,1223377213282438784
4,1220349299995573248
1,792088558905032192
1,5012705710402416512
3,5015928138465240960
3,5434248435451566592
3,2926383015177065344
3,1275364188925859968
0,1276074129840632192
1,6437991432216514688
1,6437551696285718784
0,2940624233376248960
1,5082552805032330752
4,5814249064279070336
1,1633278931988149632
1,6493611254400172416
1,6500919437609844608
1,6498459795737433344
1,6501800730537856128
1,1954751427298548608
1,4463869844150362240
0,419479908099451520
3,1546674902194211712
0,1524907286381197440
3,1525599463310656512
1,4556877773265150720
0,1441420200251636096
3,1476323612760158976
1,1472662479557608448
0,1462548450051656704
4,1473702170881436160
1,1482468748888383744
1,1474908610015249280
0,4981478789899385472
1,4976884308765337088
0,4982342525003087104
1,4982448627875521408
4,4982783910202706560
3,4984381878554293120
4,4984551100266235392
1,2927917108782490112
1,5445191836024070784
3,1108019034576081536
0,1106812458004548864
0,2022467153019514496
1,6434701521626500352
4,6433584417815398272
1,6433604690061421440
3,1907068386843043584
0,5813433574562696704
0,5657660535261383296
3,5911232861797973504
1,6634087540024436608
1,6409060257630476032
3,5812102306490173312
4,6427558372538216064
2,6426379867871091072
0,1302413652437260032
1,1224024898648847872
1,1222369171575915008
0,2961087965833309696
1,5008222486100643200
3,5008808800675101056
1,1271725836230536960
0,5462943455552672640
4,1283183331509786752
1,1283388665306186368
3,1288080143983745152
1,1299122882854370560
4,4661939167350110720
0,4532017196894971136
3,6497982848209354496
0,2256981369609465728
0,2257014939073437184
1,2255539016511795328
4,1546890333453813760
3,1541310728557867520
3,1529427309963280384
3,1524761394932507648
1,6530536776167134720
4,6526717210213610112
3,1476583097504426496
3,1471716074924307968
0,1479471892509719424
1,1474520310611965312
3,4984579515769776640
3,4525656934445607680
0,6421829985677351808
1,5818071933089123072
4,5445121402857507072
1,6435868825021542784
4,6449750842215369984
1,5911232659943665152
1,6409354411350403456
0,4520965387051301376
1,6428039855553385088
1,6428121425572095360
1,6426236175445663744
0,5064559125447391104
3,5064907258315695872
3,1219624584393899392
4,1223347427686403712
4,1220228800392656128
4,1272285831245074816
3,6889624041003421056
1,5853225003520388096
1,1297848067841607424
0,4532157178466880128
3,5081905742439436672
1,5816453864282604672
0,1530248610790214016
0,4558410355038283648
4,6524214893547766656
3,1483661478486301568
0,2449965245332199680
3,4983217530100818176
0,6151900190293414144
0,6422131148785852544
4,4460666863699545728
1,5018001679955807744
1,6433571807791486336
1,1200318599022552192
1,6451798996155987968
0,5812162401674146816
1,6427939903074084736
3,6428908778975182848
1,6426231674319882240
0,1854639553564418560
1,1302416538655299584
0,5420889231734210560
1,1224281046200423808
1,1219073213672593408
1,6433015764143521664
1,6433141005390537216
4,2964823797107665664
1,6436729742623290368
1,1297831540807469696
0,1288140857641391616
1,1529467270338999168
0,1526043872166096384
3,1456732892534237184
0,1474612738308157184
4,1482609623815711872
4,4975884096781468288
1,4976449211398037248
3,4978874253012780416
0,4985192149903861248
3,5035516041192597376
1,6434028105115949696
1,6434041642852772352
0,6434068099851581568
1,6409092624504079744
1,6426278403564216320
3,1095956945341048064
3,1219139390528748288
4,791902294762721792
1,6432937595742296192
1,4988495460791067520
3,1271727691657278208
4,1275874774639197312
0,481718725855468288
0,1904445918467207808
0,1546206235365253632
4,1527475951701753984
1,1530341760040239744
3,1530431507677711104
1,6522188871574555136
1,1475994790063857024
0,1462423861639970944
4,4975753770294313984
3,4976271739051942528
3,5018624239759011840
1,5283450651920996608
1,6450094753133843328
3,4520968651226533376
1,6427489137665320448
1,6428232682405137536
1,6426252496321309440
0,5058613997354769920
0,1303069373684596352
1,5383357093081712256
1,5003104328192154496
3,5009290455487442432
1,2925840543631425920
1,1276039117269785984
1,1272557307537950080
3,5634220326047910400
1,1906895389856906240
3,5078189668015966720
4,4568155395310187776
3,1633222994332182400
0,1954829664424173696
0,1524632271034418688
3,1524637802952326144
0,4556244317130139264
0,4559915792614860288
1,6522201034920879616
4,1467379875942176768
4,1483284517796777984
3,4980593648680183936
4,4987157595658384000
1,1933203851251321216
1,5816813507668115328
1,6434071295307321856
1,4564282915355556096
3,5812356121877182080
1,6425966314060496640
1,5393076432274461952
3,1219335412835935872
1,1223316057245179520
3,6437673535917792512
3,6436736163596141696
1,1299056839140318464
0,1545759146447868032
0,1479471205314950016
0,5441760024014179712
1,5813084269151115520
3,4660203622617601024
2,6061485218863714048
0,1223865503821277440
0,850892914657634816
1,1286718330111879808
1,4532338116847923712
0,6077489740154869632
0,1545288108791380608
3,1530363544114385920
1,6522176330270023168
2,1476573201899725696
1,4976229171633506816
1,4984486847555068032
1,4663517103973198976
1,4576922557439359744
1,6425923055150232192
0,6425958823637571584
3,1093614813774169216
1,1302911250167814656
1,1224251088805678976
1,1275116455212697856
1,1275807120314310784
4,838752347782706560
4,1286400639971672064
4,1286701699999291264
4,6500984755471149696
0,1525909697388302720
3,4896474137207599232
0,4896787635460294144
0,4976300433730961536
3,4984691665955783424
0,1949362274133926912
4,1222514100952516480
1,1222554267486598144
0,5434062343108108288
1,1271933265970048128
3,5083255221163724544
1,1525912961563494656
1,5439154971728994816
0,4977550372294375808
3,4982937017196017024
1,4978902462358543104
3,1106834963633280384
0,6427889737855635584
1,1223986106503104640
1,1224169518786673024
0,1516333500865228928
3,6432942131227799296
0,6432815927908759808
3,5013402525896131968
4,1274688367234582144
0,5082924989718479616
3,2257231955180822912
4,1546047184136265216
4,1524968652873867904
1,6522110119054080384
4,4978912461042350208
3,423921935073092224
0,1106112550132754944
0,6427503328237319040
3,5421939505857086848
3,1224173332717714816
0,4988350084738218368
1,1479468284737184000
4,4983003400211093760
3,6433646712021868800
4,6433976634227768192
3,1950647190911088384
3,5435327812271916544
2,1633932522929148800
1,6522218249149821568
1,4986201089262235392
4,6450236658852746496
0,4556050390772345344
1,4979442150768084096
0,1102149360468884224
1,6425913056466305792
1,4890859755957729408
4,1474559893030570240
1,4976717801474508032
1,4982992164576608640
3,4978844153882447104
1,5284075762949555456
1,1274794126509412992
1,1275756748939026048
1,1530206760629084928
1,4558274324833374336
1,4529578308306713728
3,1223208133306641280
3,2925899333145868416
3,1272283666581550720
3,1096006148486409600
1,1222512417325252352
3,1275683871933886848
1,1299119996636355328
1,4982584864238189568
3,4983224298969304192
4,5283677808453445376
1,5813087846874977024
3,1223997410856985728
1,4528790439501899264
1,5284050233662442624
1,6433628123403139200
3,1542782974627899008
3,5283644754384724992
3,1302385133854375424
3,1275713318229803392
1,4529552091825041536
3,4977315832721021440
3,1949189444651860096
4,1302386920560766592
1,4983136097520902144
1,4979435072661985408
0,5813085712258036096
0,1633826935453509888
4,4979389614728527232
3,4659912114583699072
1,1223179339845819776
3,2931864527321393024
3,5439062097357156224
0,1634261414344504320
3,2257240923073226496
1,1274969429893977856
1,1275034266720348160
4,1530460713455249408
4,4976432237687410944
3,4978954517361704448
4,5284185233074784256
3,6422112560167389952
3,508023888720435072
1,467890511713034880
0,4979157652134392576
3,1633421696700254464
3,1530208512975721216
0,4983067996519217920
4,5283257691939149056
0,5284007249629356672
1,1530412060065781248
0,5284174169232323328
4,4979061788464175616
0,5284137919712524288
3,2257763569052904320
3,5284063084205846656
0,2257669011053153920
1,1441145322344739072
3,5284004810087515648
0,5284003366978545280
3,5284077618375697792
2,4659670836211433728
4,1633449012691956736
0,2257664372488263040
0,2257568611895905408
1,4659748149892654976
0,2257804354062627968
0,1633309615234243968
